Time,left_foot_ankle_knee,right_foot_ankle_knee,right_ankle_knee_hip,left_ankle_knee_hip,right_knee_hip_shoulder,left_knee_hip_shoulder,right_hip_shoulder_elbow,left_hip_shoulder_elbow,right_shoulder_elbow_wrist,left_shoulder_elbow_wrist
3.179,0.005224144411782614,0.05828218427955815,0.065495657309364,0.16990736942346543,0.021658135008544917,0.01864241972517589,0.2112559005659581,0.1440061733038629,0.05251263232020073,0.021312748403486775
3.212,0.02022498075381877,0.041543752928532275,0.07341206884719487,0.17655133264012166,0.02442388993039176,0.013365798453717458,0.2508117493071273,0.07656511923423476,0.06097769813219469,0.022008103491833866
3.245,0.22506191819809682,0.39868596719207366,0.04087284300686767,0.042496393070795176,0.08887485024697334,0.040896379617665554,0.24688470010802613,0.051273151849832346,0.11688945794716396,0.12687836691665438
3.279,0.026989728545465965,0.03489109466059116,0.08431696533016105,0.18053196685591075,0.006752873047493195,0.00788275011729488,0.5334815244564934,0.03270385817885363,0.07551989732793195,0.01706194600037561
3.312,0.03796175400598771,0.040789506071477265,0.09382418001909976,0.18341609885105542,0.014851123736433219,0.016835787635781144,0.4518815295504584,0.010828525910334978,0.08794158141096227,0.024120511255572127
3.345,0.03796015041401338,0.057293166273074826,0.08059130759966375,0.18599944883485298,0.009757101367886375,0.008454010546534102,0.41802579937788925,0.05633451509107557,0.08059640159835052,0.023415360427782965
3.379,0.04802873051809771,0.08357072246154336,0.12304339324273665,0.23563141628340786,0.019012797860520663,0.020060651281094122,0.4327358672077913,0.04529440343331868,0.07864027992251588,0.03442693530952047
3.412,0.008832202267806986,0.09575175123553883,0.11689491016741353,0.17705932937322533,0.04339116816757442,0.0021092450726665143,0.406540666876567,0.1110020440988368,0.07785348371602699,0.03177740618265034
3.445,0.04992375859483208,0.07321603639481744,0.10059743808500435,0.16482343445335335,0.004506259121449328,0.03447985743045346,0.509079546532381,0.09484671847956798,0.08102521845472584,0.015883217070291743
3.479,0.030285797615465578,0.06806775751136046,0.09265316262262428,0.17407155678855343,0.006380286208233146,0.019219204711344945,0.4867303574839212,0.014139258951069591,0.07442911247047723,0.00020240475479965932
3.512,0.026697570607488362,0.034957910266856795,0.0772910475166984,0.18032932617232458,0.026731841624211914,0.010276970759936785,0.27884379241404966,0.06464138986717637,0.06749505526002667,0.022577361017211396
3.545,0.0383301094804038,0.12205591828162242,0.16750761947464848,0.16664589525148277,0.07945932021025975,0.009241787944599953,0.0870788240134054,0.019779821120165676,0.1300296561961478,0.05069865593877136
3.579,0.05189543743139285,0.08682461213578586,0.08506491541069475,0.17640131086880306,0.012070484897822547,0.00904922097537389,0.43326496183709,0.05926284099996605,0.08477135300497508,0.06494837949058335
3.612,0.07193363804340609,0.09172298904101824,0.08930292267109421,0.13356981318866473,0.009233036865775703,0.008584553628007375,0.7556971857261517,0.2331744980761735,0.06390528867297414,0.03064449126590551
3.645,0.05295620430701214,0.11926660797579404,0.08911752180673488,0.15450834070857478,0.011264941338698532,0.007392965270756754,0.7958942330914128,0.4356507012820487,0.028112066642910254,0.04850839119619884
3.679,0.027807652005983043,0.11001390744889698,0.11482441933649667,0.1726215612739869,0.013372076605733748,0.020703712716471225,0.8068511424400842,0.2604350535082314,0.06725495936446711,0.01137381805552441
3.712,0.11355696799028371,0.2526900900575209,0.008113441200551923,0.19234528228673428,0.04686535281820044,0.027589480782152696,0.5985695163662249,0.42165729295773197,0.007427017552837582,0.015357562328754553
3.745,0.6324393883178372,0.4581372541299224,0.024508314151648055,0.07301176008936461,0.05323727638471892,0.08473432161043834,0.1372366505598694,0.25271005480503655,0.009479987454261976,0.06356895930054392
3.779,0.35626465870201024,0.44304132673473445,0.041586972131684836,0.004885902250810778,0.06847404594415431,0.06294092840428855,0.41361350637090766,0.035944733138288956,0.4181943024910084,0.04460183283943146
3.812,0.12353072462388304,0.23164625501687208,0.0618469081086743,0.09225650545927652,0.0657005198001816,0.011991621853283192,0.1509268206019544,0.015139063211486644,0.0639284504017059,0.24119122499641488
3.845,0.08273182468486885,0.17274619278183923,0.09340701697046454,0.18152969075028888,0.041628577246438876,0.026400601271506667,0.5636329357016255,0.8827250697215095,0.008885838803157586,0.08319246422981519
3.879,0.08883682608349465,0.1272516093878784,0.09563932033687657,0.14584198315875502,0.031650959066257325,0.008874211003161641,0.575499658192667,0.5425275680917792,0.05676785889026793,0.08468512626791079
3.912,0.0020811520229781846,0.0743233332436548,0.09226161252235249,0.1765674198973005,0.02141901648833375,0.005805323184360144,0.3054815089205166,0.08370002608733795,0.08090039498981315,0.06973390914950228
3.945,0.011830554785618196,0.10195562980444135,0.09627904143280461,0.1778442787157152,0.011729014443583052,0.0042873250924982806,0.34360736095653216,0.012326481664748637,0.0988635883254277,0.05188006365148462
3.978,0.009312616981801842,0.12622215308162427,0.09038939519835922,0.16380718017184426,0.02578008271314512,0.01131473641049941,0.36931584315543653,0.07110987953613011,0.101733839016655,0.04504174780966834
4.012,0.028078343058385573,0.09773264751598208,0.09388320029577914,0.16268738322748869,0.015769516951091387,0.009527370670349563,0.33959283564637627,0.08475689461627568,0.0749560705397649,0.02803051263278178
4.045,0.014852081271269487,0.06253574579630969,0.09112074433497329,0.16909670733796342,0.016357699870610892,0.0073159593317428,0.4293142664811488,0.0624892465972392,0.0881928264675061,0.034074218206665514
4.078,0.03246598513474508,0.023263766452329693,0.08898491891191863,0.18392829145879352,0.0045709923783965245,0.014137601334192076,0.418848183892009,0.09579960261842291,0.07779889205881037,0.02859548786092327
4.112,0.034915963447220276,0.02557595648287944,0.08219178236023118,0.18401306303230958,0.019154970270978424,0.0008292998382161423,0.4680187137319974,0.008389332287244011,0.08081630252554445,0.030881063996615984
4.145,0.02971513206346887,0.039893108597147724,0.08147386519886204,0.17673056828555003,0.0014558108824909643,0.0100514442836874,0.43359230428167755,0.049711050434592494,0.07339746993401398,0.018789362581720793
4.178,0.03040984103948128,0.044868373920478495,0.0792358989025273,0.17467152303469471,0.0036581477899312654,0.009895695116598616,0.4016213901746745,0.05209418414376033,0.07326627252026051,0.01888442753608785
4.212,0.02950357106701745,0.045886748287777286,0.07890732689997787,0.17320024582605492,0.003290903778520923,0.010442022203024903,0.40827561523438116,0.054341335253344315,0.07528101430245304,0.015854813935806126
4.245,0.029324722994033464,0.04410034863189008,0.07437696887454533,0.1694938257305306,0.007321627099461995,0.01097461860340339,0.3930734136461953,0.051535694877762224,0.07611175956977376,0.01470170292738433
4.278,0.03036523120560771,0.03524506707666838,0.08129125448013748,0.17118352964877567,0.011810672884329482,0.012354429802631134,0.4182351843188428,0.04405170519275767,0.08062623261683828,0.017163059124515406
4.312,0.032559105124792306,0.029588738422577126,0.08983888106767654,0.17357532166076445,0.01560484143347697,0.012598800851831795,0.4428894237753872,0.025511455840849802,0.08436250909062663,0.020396393787163274
4.345,0.033671175746283005,0.02746160308666418,0.09212972170129229,0.1754135303898197,0.016955778900256693,0.01355687867532661,0.4605722160317471,0.011994204077398811,0.08718661259114639,0.022505169825284797
4.378,0.034768714956974756,0.0295851967112313,0.0935771961757506,0.17749820164106242,0.01534403251822932,0.014548213342661202,0.47616339714874806,0.006739649204779956,0.09044250322134267,0.02396693206613711
4.412,0.03549679807315038,0.032595810049033065,0.09425832286711543,0.17914670565391266,0.014881206815604215,0.01563976328357272,0.46808105765925273,0.010163518982950289,0.09041612660284308,0.024277553669949943
4.445,0.03648139589930918,0.0354420890286838,0.09352342556629178,0.18082287099490274,0.012847714473223712,0.01574555508457063,0.46650302667398375,0.011099079930096862,0.08980228526759616,0.024398999861050846
4.478,0.03849896041658395,0.0427247622508096,0.09437347506039867,0.1846518817976688,0.013655174119992529,0.02008766080020086,0.4283258141115884,0.021498620253212176,0.08635040668845541,0.02327172377012959
4.512,0.039065919724866754,0.04392509988752247,0.09418943017410551,0.18562698977995554,0.01339741376311246,0.02196613879353015,0.42535357885680714,0.025069779128734416,0.08540353057778659,0.020931002402813054
4.545,0.03668492128528846,0.044816857265582793,0.09293474189216387,0.18478017524861648,0.012294181270698151,0.0256441617275656,0.4348374395347405,0.032362381267598925,0.08786138677463387,0.019653736102979272
4.578,0.03683238909980999,0.044547873441952685,0.09343692082611081,0.18458636953737642,0.012703281919630811,0.029793550346825768,0.4317021012079802,0.042175428981691444,0.08646992712134949,0.017705091937661083
4.612,0.03387708387881983,0.05732396808422957,0.09146438525462759,0.1815479257015962,0.015639112717593644,0.03950552335865624,0.424281853221374,0.07497951036534453,0.08613173292560537,0.011725941737286989
4.645,0.025732417378907923,0.06383553633741035,0.08702356315636094,0.1739026293060945,0.008610696151106788,0.04404892596169927,0.4383341329994881,0.0810520381538767,0.08618771996459092,0.009205890670829846
4.678,0.01805808745824875,0.06516538880875379,0.08211718082082324,0.1648231181688058,0.003948236713597613,0.04431745309399602,0.45859162401938053,0.08113387591728322,0.08545853775513002,0.006022075552980429
4.712,0.013960849026823142,0.06030212336005588,0.08134269397526574,0.15787739958814148,0.007807249415535813,0.04452218721174132,0.45741443572674606,0.09215486360806352,0.07995204072330724,0.005388807147299366
4.745,0.010615840325821638,0.04820455733340555,0.0827790245059657,0.15290599390966367,0.012176161478279815,0.047137918211781864,0.4662381495652059,0.09609922900965277,0.07896832397760506,0.003056563593220025
4.778,0.006202129792058643,0.03972341356992168,0.08529147094622173,0.148888350009587,0.012553335542836613,0.04698200045624191,0.4614008847835286,0.11184224597620056,0.07533652261685653,0.00016988468906800294
4.812,0.0022189909741713748,0.03941450445474101,0.08159394735017356,0.13659482995035066,0.006183091835573343,0.04883054458115652,0.42990880104945706,0.13107571042086083,0.06654119264544466,0.0029903643823409602
4.845,0.0076534041481451575,0.04713947520575291,0.07982686568357479,0.12862405211318692,0.009104770105820911,0.05388774030197565,0.3786657610371272,0.11260183870459266,0.06244142796699191,0.0030562881046241643
4.878,0.01227113372392068,0.055449692944263294,0.07258580125545806,0.12319990363826647,0.014496651039846117,0.0560064630858611,0.37920283326960447,0.09980475585324308,0.05810600609154884,0.006917273929735047
4.912,0.01553677109596752,0.06784067850825723,0.0613230609745999,0.12134486196150963,0.023090608121458234,0.05366711123168069,0.3962056473558218,0.06659024377747969,0.05049592242773277,0.013251089568233154
4.945,0.00779118907001924,0.07313775569912058,0.05063799305915352,0.12374781240195513,0.033551721718222724,0.049377555613667586,0.42815527995333047,0.049948213207911756,0.041434373806923636,0.02041131553025688
4.978,0.0023964885142262362,0.08916066102713587,0.03197065160937337,0.14030204468617896,0.050740779618411135,0.03842233476626621,0.4253061576030885,0.010647187179416139,0.026553591567787277,0.0256878041798964
5.012,0.00044368058362375654,0.07850979030183851,0.005177282714024403,0.14100226380190845,0.04560671453031221,0.035159616707741356,0.49756173309719715,0.020324227985140397,0.009516992502534988,0.03513183681186451
5.045,0.0058870682506190295,0.04000495007080974,0.03316528877447853,0.15372840639563104,0.018268413484402963,0.03607135976639264,0.654797500291321,0.0924782161227769,0.005290238758494221,0.046443924301148735
5.078,0.0185579888220615,0.06949897196815057,0.041644722907583684,0.1655138653534869,0.00925959816272507,0.03891161309391014,0.7156279214172608,0.09972103078634484,0.022572591331113855,0.04323941333115076
5.112,0.003278774128796555,0.06156936584151746,0.05590093011350868,0.19189529142485603,0.0015885668310278668,0.04810750846082022,0.7509929450855951,0.10991321853752944,0.05884197405024409,0.0420806759218443
5.145,0.0011237038368027434,0.10004768987897424,0.057486460874068425,0.19085981302391322,0.011872712433092668,0.04613722510378876,0.7061978936145386,0.17000797076175617,0.09010098539396018,0.007855006362601884
5.178,0.0036604165691875527,0.16284123659392089,0.007855803521843075,0.20817982856914005,0.029492633300840954,0.0487466391760226,0.7699256936203843,0.1540339182849695,0.10703394652597854,0.01357278259518724
5.212,0.010151809419124273,,,0.18928256707207222,0.021017310896286993,0.03251486619634816,0.6865334687511281,0.0795300259493443,0.15101760366823447,0.0185413271248781
5.245,0.012069148195454701,0.1881557708612971,0.10466095935956929,0.1835553149568083,0.032404966198803904,0.024699073511386546,0.7287586840656775,0.017018793899279665,0.19968810527434327,0.03381793817876834
5.278,0.009520963427697525,0.19979942997285624,0.05402340097767998,0.1831483969771092,0.04645373941387363,0.01843096236388598,0.7466122557416714,0.056806809145629654,0.23381771396092674,0.04045909256391428
5.312,0.018066814666815555,0.32145179108050015,0.08067225956180016,0.20266659925347258,0.12522656471848906,0.023130177839989798,0.7322812068281684,0.021753331659395258,0.28478626447766686,0.04069747127889016
5.345,0.017007157686937287,0.33504619974376987,0.08067542719747385,0.2024821886235244,0.11881363090290802,0.020406562854074908,0.7221200390253917,0.036207847634640244,0.3217636978636844,0.03826291122686518
5.378,0.028343936766382485,0.3045522581006162,0.06943735294441336,0.18797776874882394,0.09632018343553983,0.01853899894748998,0.6991808397788436,0.07294316820753527,0.34848614719301707,0.03967158333804482
5.412,0.04046464439065355,0.31018556159473987,0.11582696929089617,0.17345311155431725,0.10756796576270278,0.013054382532923039,0.6703758710253549,0.06010123380172639,0.34537198193466334,0.03859845492692847
5.445,0.04372558465879411,0.3039778040148096,0.16480050481682448,0.16020629483316867,0.14384872090693293,0.0005661445591075183,0.6540156942748883,0.04952965180020599,0.3340225746636769,0.040668518897007316
5.478,0.0633429055750213,0.28113645547315436,0.01195465907007277,0.1307280556868603,0.05640638959521579,0.0026747126933258014,0.7926091318614454,0.0035844744919180088,0.42351656275311994,0.020724305772822034
5.512,0.05970010621947092,0.2253496001677847,0.12135406530304182,0.12449721900002897,0.11551651490998636,0.0133145812261986,0.7636477609596688,0.013943284658154085,0.38509079708716054,0.032504681574534455
5.545,0.034303450439004846,0.15782586043656766,0.14772694866287855,0.13458076744923006,0.1469737152349209,0.02232493081011086,0.7294988825551442,0.0006957680559998775,0.3320555303246677,0.036749848216077824
5.578,0.023419673222263467,0.1393260697237041,0.16635658870763192,0.1262649454553381,0.15092260242953937,0.03717510917178535,0.7182737666679987,0.0211068621919251,0.3041317696986012,0.03820600364232375
5.612,0.0017887501708444633,0.1278531592956128,0.1630678568607169,0.12964233053358123,0.1578001986884897,0.04500676182206508,0.7284087586284222,0.00034946703751691905,0.2909124859873777,0.04343020607143518
5.645,0.002996244116081324,0.12126472145283537,0.1511078737818603,0.13580837992626096,0.15154420623267492,0.04678412640450357,0.7252384780789727,0.0005428202599165413,0.293508714999391,0.04640918731352111
5.678,0.00646523980872628,0.11594634842764408,0.14360284486234798,0.12987992512369795,0.14435021854183525,0.04486049433417961,0.7081241304817347,0.02436417126184546,0.29478243531869586,0.041260817886487305
5.712,0.015959572588515665,0.11493112860602715,0.13067752588797,0.1260941982236122,0.15416748709617503,0.05180129701972557,0.7052569021974738,0.03151634302668062,0.29517360310699736,0.033970542003752276
5.745,0.002797492460869778,0.1040779974852401,0.14947602698437104,0.14301897614915127,0.19115241369248298,0.05838083415401134,0.6667911301544996,0.030721809642985546,0.30257671754621196,0.030901290209004156
5.778,0.013135131458654347,0.08239751740395232,0.16490270661038905,0.14912606278877827,0.20100453084767564,0.07193961003738121,0.6323273713971022,0.007115017989227134,0.30225372822324564,0.03141501869812658
5.812,0.019511622789810494,0.16117379252081232,0.14559679387508975,0.10266179783254441,0.1258236651220386,0.019495344155871255,0.886765999468513,0.03445204690381015,0.38959785366841765,0.01917788775040116
5.845,0.01699724293348411,0.13933736675297412,0.09236485371820637,0.11530830927307506,0.05834919155000612,0.018671629769506835,0.8817070278355801,0.004187948808238587,0.3496502634715189,0.021440887170721137
5.878,0.017906616813463852,0.04135640579361888,0.00191446560501224,0.12787533075998803,0.0147352715018036,0.016973153489290183,0.7863168250107131,0.07313794220555186,0.3232523651734596,0.013437561876662573
5.912,0.014133652545584388,0.0037853880895413064,0.046021422650980824,0.14211002201461498,0.0652510336683259,0.018489948513160038,0.7320114337203952,0.06644363504542154,0.3335486968904286,0.01727916909944216
5.945,0.008157335977275398,0.015536115637767868,0.08593693100006487,0.14894600914826317,0.09290678793181566,0.016803494928109397,0.71996024175533,0.07751184865608396,0.3319568600419742,0.02037622268818464
5.978,0.013039851248569212,0.0249742223334716,0.0928264501613119,0.15611850838261307,0.08757075277788412,0.01420566206208913,0.717851825476024,0.07885784275068884,0.3317938609548756,0.027791896456935247
6.012,0.00367035697141404,0.05683866740476125,0.0911885516349365,0.15743294622853007,0.0964383161123874,0.014509168843112739,0.6514995504379182,0.08737990158744646,0.34436173881263493,0.03164108045053839
6.045,0.007397196982552329,0.0756883302123535,0.09481022756886502,0.15160181870745432,0.11466627492796219,0.019287720092044047,0.6541572410835272,0.09773277123897074,0.34959191828090924,0.035222659215293224
6.078,0.0014584745014962935,0.07507808370226221,0.08956690033265445,0.14712509859700137,0.10410640485710132,0.01619805320958647,0.6534126658307774,0.12526676933375788,0.3608091818518511,0.03815067437073578
6.112,0.013262531084891652,0.07145837057427579,0.09636367046646849,0.14548397273689193,0.08709278044453853,0.018125080655329973,0.6502858245886394,0.12393831672521018,0.37093026536201057,0.04290021659462994
6.145,0.11244204513961811,0.010969459312151453,0.003842821674597938,0.11424364489060199,0.07242544354037922,0.001373199972792363,0.8748660179130425,0.031104957185944755,0.43988850967301846,0.04494193326962518
6.178,0.08404156793283579,0.0571937551750112,0.08517471382369843,0.13789252756505568,0.051212901753860465,0.005364228261326321,0.8067086228908841,0.014235464944653636,0.3963210845971621,0.06354136144329225
6.212,0.07724019432405947,0.07183845394168617,0.11244939400718013,0.13332987353647088,0.08424692434341081,0.008798009556652745,0.7290831170100681,0.06402692160292647,0.4016659176696997,0.0772782542754863
6.245,0.08436027888921153,0.08224692844345267,0.11004394048407472,0.12346432217141975,0.07595654078885995,0.014926997582037763,0.6839238314066111,0.04468847739019735,0.40412010402201054,0.0960805538605453
6.278,0.09214753003098618,0.09842949028781661,0.10618620941568929,0.11745642585681627,0.06350671329038499,0.019289274926715703,0.6583258019829785,0.042652930807415446,0.4173036305109996,0.10121222505774465
6.312,0.09939168553167936,0.10565753202798049,0.12230984439649893,0.11288800497127566,0.0755720781355498,0.030828541870937757,0.6413218633258136,0.03287790921070733,0.3807805706709448,0.10215732058187996
6.345,0.13073372913146417,0.1167270845881584,0.12767194642563906,0.10551712357400385,0.08791127962588896,0.04342778618559946,0.6852934465138669,0.022696473433076698,0.40585608317193306,0.1128452362637257
6.378,0.1689768365786355,0.118927923615345,0.1156719915599575,0.09993480655065176,0.07027782732167089,0.05060890066051361,0.6924860192158564,0.015092887059196092,0.42605275084454486,0.11166707427843361
6.412,0.1807620389325765,0.1372889654692208,0.1077528995165589,0.0821950992865298,0.06365870999560495,0.05680458181918825,0.6914738996100913,0.03268511711251773,0.4227665865217499,0.10947747671956172
6.445,0.17399099224319575,0.14878178817370694,0.09694004074452912,0.08320877844369523,0.044397684408951504,0.0698230321136445,0.7249877774681311,0.03150640911781548,0.3932135686036578,0.12998797793895775
6.478,0.1514445036947007,0.15989075393010926,0.04811683527996858,0.08658435309829494,0.016184471433931213,0.05696854124787673,0.6820381906051346,0.1873294552303929,0.49433105893227425,0.1260368524225935
6.512,0.15207310901411994,0.18846063122424658,0.051097700275202176,0.08621918237307605,0.007843419345250383,0.05778693119849129,0.73475508859477,0.00741997693556384,0.419502156919597,0.13860301127671787
6.545,0.09280747354703418,0.18549074743903143,0.08166780992636091,0.07382753459852387,0.0002605429153414255,0.07845598734483597,0.7171782169595371,0.0018235956110564326,0.31460992473540966,0.1416154502050863
6.578,0.10365675735165795,0.2717132154580805,0.0821921063910757,0.07312489598382656,0.000761394134211611,0.07725558134166899,0.5444074693864784,0.009144411976002666,0.3794537394555786,0.16303900407468966
6.612,0.04928008012431405,0.2869485606071679,0.1095879130356439,0.0742525779709305,0.04878302872575776,0.06847326990144492,0.6871592731452641,0.018748287427069736,0.32624997172941167,0.15753159206549916
6.645,0.04474728999916676,0.21310540890809135,0.09861793124694258,0.07233888653015454,0.033160601441777626,0.05492719568974109,0.6379418867313509,0.09171850833017028,0.28323180718133967,0.1274507857191055
6.678,0.14651961421768528,0.3368718453929523,0.09938845839993272,0.08299533803390383,0.026968210274796244,0.05250133766266681,0.6652177778418407,0.0918505048090977,0.2669817106999498,0.10929575751258817
6.712,0.16793587575741087,0.3777278622688798,0.1228122003588289,0.08921243964706138,0.0706057772189984,0.029799425968312636,0.5994774385788038,0.07201235708144826,0.24160412486842595,0.09491163912259959
6.745,0.12634295706191997,0.44991615035354443,0.14335342370677692,0.0715690569241698,0.09776521669707794,0.01048748662429922,0.5193526487055484,0.0700203456534235,0.28029795828680965,0.10117258654559569
6.778,0.03787778096299085,0.36244308472068326,0.16255402801338772,0.06649219779100177,0.09499792276664133,0.01856623311034987,0.5460827487127209,0.050212214789036806,0.24733949218972273,0.09627518470396174
6.812,0.0351732744961583,0.34978320764591997,0.23419957193510058,0.05650402302907853,0.20624287838418884,0.0003684892852695995,0.4960423667162228,0.2227402189454285,0.3690988018561773,0.0885457352679676
6.845,0.039158600791470446,0.31702492980076774,0.04810492272691794,0.035880954278395105,0.07568579717592822,0.03716791355380824,0.49662797097915606,0.05854635067061657,0.29529657714319224,0.1413145775001372
6.878,0.1099590249607447,0.32375312168759146,0.023425447200001823,0.07891709795023222,0.07823050053395555,0.0586872474694704,0.502884636443524,0.03007006154564162,0.264832071088555,0.13851015840734202
6.912,0.08834058856749316,0.3180554591790003,0.0524464146563245,0.10282622435989688,0.0005523657488870875,0.0678917132156348,0.5513851362570001,0.010880298392416702,0.20719301935605627,0.16293692061136458
6.945,0.09569236823375665,0.2896825772952437,0.017853048561137435,0.11251248843566095,0.03767533797983122,0.05090774799198544,0.5791227340474812,0.037799997671518405,0.1834410239877331,0.15368834597341133
6.978,0.09375357628040606,0.259717627204342,0.030496866568615222,0.10026955196272595,0.028235275747974162,0.05383717678602867,0.6259540388854937,0.05898185751091056,0.13211057799109496,0.14803775029894306
7.012,0.3054732575477952,0.25063167751370047,0.022764608979696902,0.1366781615896778,0.02595544644561641,0.015432931882330152,0.653276010598661,0.03374626003050433,0.09671228679051413,0.15179119895439194
7.045,0.3426454605913745,0.24988010663473964,0.004199761688010327,0.14742637009216947,0.04305086677878542,0.015735975222227642,0.6683178532036533,0.035891484050768994,0.06842390179570312,0.14474705319000603
7.078,0.20411167200263425,0.23296695127748873,0.00874615224532217,0.15242950607742742,0.03919007088745671,0.013682594668866614,0.691968842314161,0.030090939365350858,0.039495719581386264,0.1391269108698429
7.112,0.07359281549252676,0.1483992192425872,0.02013146445242465,0.08399958316284319,0.03419492650767149,0.0029193024856410885,0.6997895827468241,0.02331027667892882,0.011952500715533531,0.12044213222841318
7.145,0.18642299607695406,0.08929965478014104,0.013372082480646497,0.04660981432525515,0.03756916683768479,0.002601302867734195,0.6086158770152155,0.20971253310954768,0.08577155513636486,0.05523210832094419
7.178,0.13575992000156584,0.10128106456651224,0.027524058003766935,0.07124275730587076,0.03315273015551784,0.02568506844808925,0.5954117228613386,0.1934086691593924,0.057244160666799895,0.05044388456121975
7.212,0.10063944565417617,0.10204956737122041,0.02458663365108048,0.04624105748400916,0.021927444639651215,0.03261678496165489,0.6493078632874402,0.10280398685676317,0.021486800969367763,0.059215743218829824
7.245,0.09992344768830697,0.11951506969741407,0.02364326459621169,0.0564987845847558,0.002531113515231887,0.05012142290099543,0.6757850398298787,0.10283690498527191,0.012481474493085171,0.05343883295057371
7.278,0.13769665476897225,0.10543950746918364,0.03573939407356188,0.05839886320311999,0.00037359143414486626,0.05872212624818804,0.7562674441135948,0.065081589088133,0.00957544041038764,0.04968428768560077
7.312,0.18879546314391923,0.08758643092543628,0.03745495822619202,0.045618389985077036,0.0005028420814283806,0.0534244476263005,0.8309521713508855,0.09029472493180601,0.014164873891744697,0.05971226758461672
7.345,0.11627754067855403,0.03847830473787404,0.0389681043563525,0.05278727467230313,0.009783655424777665,0.05886715900345945,0.8575325696350214,0.13401611019893198,0.03338585150490422,0.05309799577124695
7.378,0.07815481921906232,0.06530924793610719,0.03413064059634613,0.06313855688053126,0.02301796449162204,0.07261240404209482,0.8764810702877155,0.11361412732725121,0.05100506743012163,0.06472253770132992
7.412,0.09495043142305537,0.08863553184331749,0.027593177427344573,0.07033016998161817,0.023286567288809523,0.0839890664107917,0.9333382279383127,0.10323967485638212,0.06627919231908398,0.06843053930035327
7.445,0.09723348177935846,0.07867996374121654,0.023235313336913394,0.07372242114748477,0.027604575771122436,0.08513813323048458,0.9342745578336717,0.09874522871194548,0.06986740188733316,0.07387668844500189
7.478,0.07757405276184451,0.09865829507830724,0.014576056930729943,0.08661618118203593,0.007510859129584557,0.07053978453246042,0.7841406967035219,0.2757170739035504,0.054532566850197355,0.07875427798499483
7.512,0.04031937435874777,0.12418586973728991,0.009789503140986169,0.0996994159395734,0.004596269297083125,0.07158286617827238,0.8852967707091498,0.2418259966930252,0.06111850581597563,0.08401463660792469
7.535,0.06277987669639942,0.11781356279399839,0.025775804236335045,0.09281000517798785,0.007847928443153561,0.07091987023364167,0.814664570427271,0.17931913666952956,0.08045304588090384,0.08777546476301348
7.568,0.06120446778884188,0.14047743206599664,0.032864474316447234,0.09684857155946004,0.011194666422165104,0.07708740987247699,0.8256363690066281,0.08476618373007648,0.08223304099201782,0.08635008495747791
7.602,0.06713870301800881,0.1464921674195052,0.03405003148881516,0.09946193374524799,0.010451073896554908,0.08140741845640984,0.8570095578667025,0.041154655450863914,0.07473984517431681,0.07831896216406858
7.635,0.09062569290583258,0.15880535623129297,0.029505305086224093,0.0894192078625767,0.02343682148943609,0.08616295736239035,0.9309155833479922,0.03048837569641413,0.0667099893362993,0.0933277312305501
7.668,0.09513357880166426,0.17810981449382443,0.03046416416184646,0.0930486433402326,0.03521192852073505,0.08719357522693175,0.9812291269562692,0.03254226945588712,0.06249958738303461,0.08904307056272132
7.702,0.10509503552789887,0.1860611591540164,0.03386736774530448,0.09333408408981522,0.04125941975879741,0.08817856171320969,0.9829854931889918,0.038398174823801194,0.06147173316149823,0.08570739295574874
7.735,0.1203336408377307,0.1794704583574821,0.03079280526056468,0.08552959575415157,0.04804565231699308,0.08442547870772546,0.9810277891752476,0.046214266498068354,0.05209271743724496,0.08793025504167115
7.768,0.11842548663107416,0.16955494050427083,0.021443005993751686,0.09852529094113724,0.05404945403993695,0.08689854263503913,0.9948192051599554,0.06412377646610111,0.0515136401010714,0.0887747521577983
7.802,0.11017291151565295,0.19900604075773184,0.016468378289085133,0.10714300778250502,0.026075335373915553,0.0702385348236027,0.8574500711501711,0.2974276398094489,0.007563456933790044,0.08725364429960517
7.835,0.07285561869175204,0.15717173668444137,0.02428072008380608,0.13012344114480265,0.02050156484380256,0.07157978913829767,0.808364179640834,0.25065629503852427,0.007505987915275029,0.07851294220855072
7.868,0.08395899221147016,0.1392181308668616,0.020355711767297124,0.15134849761144417,0.009894388190939858,0.08528579734981126,0.7644607463247153,0.12824814123677214,0.011073295614282714,0.08761111578478172
7.902,0.0792678517850807,0.12096938853595125,0.007780390557208784,0.17122154711772164,0.007368006399566693,0.08233447598254173,0.7205413071288492,0.08170932549303384,0.010436521447130847,0.0693764285762808
7.935,0.13134045063929692,0.1538748043898939,0.026551417389188585,0.20067523322819256,0.013113275131677034,0.08651458780737176,0.7035924199984839,0.03669039816164547,0.013594774562104481,0.0542510179022346
7.968,0.09026389419662154,0.1218117582845519,0.026945573535674547,0.19319619089228798,0.028674191043818173,0.08261120735982447,0.7052024009988046,0.03657367809098618,0.014880976214994679,0.04303097911859586
8.002,0.100780723131653,0.11031931836219595,0.041884576407838964,0.1856162889080961,0.026058089498274355,0.08664143685344589,0.7197986251012519,0.05711335633989483,0.023175303950302307,0.04242086897132421
8.035,0.10213125881757716,0.09187326328357502,0.05314321047805005,0.1723463821837175,0.030391012728933662,0.08419534044734263,0.737189779108064,0.08715178340360373,0.022720257701503176,0.04888739500483798
8.068,0.06964569798063962,0.03333633616280395,0.047278324775422,0.16087023401562553,0.03337729775838861,0.07543716532624992,0.71508119198318,0.10862067973058405,0.03215910603754484,0.05756341632665012
8.102,0.04616129279390224,0.10229552421003833,0.030174799242680374,0.14213011466560044,0.050356257291647624,0.0680801907184655,0.7253027866338457,0.1235358346353371,0.029301066903000703,0.06534092955625534
8.135,0.1609382827322918,0.03939976831138637,0.018904090961924833,0.16889931200382804,0.06897358551847267,0.05442838573894333,0.80031162873809,0.09716882491341207,0.06110102273384461,0.11925099420653146
8.168,0.17865105815841426,0.11760594187445574,0.1099862864951407,0.16446982102776378,0.012781983261882261,0.05300112348311417,0.814298378762439,0.05888330529513046,0.02296158249284131,0.10786619009102173
8.202,0.1549022286644259,0.17634817451444587,0.10917486223396632,0.1365555035275374,0.0014496043027822554,0.03839666306044287,0.7810245330927791,0.03887551794265219,0.014483543679034145,0.11990661741560982
8.235,0.15094738145104472,0.1906026208999639,0.10298669935551974,0.08860717599165155,0.008002666397952723,0.0029170602619002857,0.7808428638988916,0.01104055907387348,0.006485390097778538,0.11447832918033335
8.268,0.23071770395397662,0.21115442586395836,0.0739405948995229,0.06413178829948997,0.0005204321433778326,0.01873278289081524,0.7684652711596552,0.06883234440467555,0.01657032044762363,0.13309181885456428
8.302,0.22954575024311288,0.1884368658808668,0.012122987829894665,0.0866790724560335,0.026473778951426403,0.012863470901238775,0.7763074453051781,0.06928902588384513,0.021926213234043836,0.15077161774755574
8.335,0.33870074885147416,0.1952524522213487,0.002370781617900175,0.06012580777004951,0.033593834240908386,0.03186003142917842,0.703554616509873,0.019589864495524502,0.01449152886131674,0.16118733538276042
8.368,0.30494594570716843,0.16526739029680995,0.0030431102399177813,0.14507342281727995,0.030710493605513683,0.007159971644399157,0.7215382395434857,0.03693105334501211,0.015605013419859749,0.17800543055196902
8.402,0.32188133381168976,0.14542329409696617,0.004203066983853205,0.18712031864013556,0.01637413355674594,0.0006190789454868649,0.7227838481686364,0.06762810570722877,0.013472569950718261,0.20792108374683224
8.435,0.3331968863842286,0.11630810351134044,0.004512834024450708,0.16748376342367013,0.019131503314811147,0.025930846916144654,0.6394457911935119,0.14637869651462718,0.04107922564975638,0.2151708274654844
8.468,0.15174161106300887,0.13032990221540597,0.0002710115966438678,0.14713333352260413,0.03878610454076485,0.040871107556746396,0.606507047952482,0.621167537852455,0.17932419972307578,0.14873730351865372
8.502,0.17158906397425236,0.14708129611161624,0.00202090177065922,0.23373135419765878,0.02943277435002448,0.018172031549787894,0.5709970196599048,0.46081461937642487,0.14259511527663843,0.18994464125628202
8.535,0.289516867670852,0.10730073179410107,0.007202024740485547,0.3528431038294121,0.03159029456663591,0.061040273945062264,0.6245838514855582,0.34752208794788747,0.14612206891957483,0.23229307866201515
8.568,0.2934523025716511,0.05512443406906175,0.0178353430879951,0.3167860387526405,0.0024990161909295974,0.05671722473024363,0.5403317577006711,0.36633986153154124,0.1751277751958396,0.2506367994853461
8.602,0.31927079272634223,0.24462737379904195,0.04884693807962033,0.2013056840562731,0.010619895931734015,0.028960780971572467,0.538864723814666,0.34055804124467365,0.1571267238335569,0.21555839507566774
8.635,0.2684881293726789,0.30657837640248087,0.05517484075262269,0.09164056637472194,0.004521427978494359,0.1568837270383862,0.531331202324491,0.2861855798743957,0.12036642922003955,0.15675063235506004
8.668,0.15621535074608525,0.3563178218947837,0.07650242820291835,0.21082156274311434,0.0012188617053468698,0.12747275762469418,0.49461832747027207,0.0020364464792594385,0.070342052387262,0.21177276916076473
8.702,0.251528764606423,0.4139537467036128,0.047424687827625926,0.2243544022232905,0.017343799540642878,0.11636169611170775,0.5593667587010502,0.05841465748670785,0.03784041310689717,0.204587434215363
8.735,0.1708260089889553,0.4256227323203882,0.016412026533905923,0.17813338264832101,0.03513139796066198,0.06501522007812384,0.5779108461412241,0.15416790218749368,0.036198444749107,0.20120656952822225
8.768,0.0166011099633554,0.36793885036432594,0.009317685476017537,0.1518183715647996,0.06925630908424468,0.1610088703537182,0.6930911343847737,0.2073558921389993,0.01371855901676064,0.19402385429922656
8.802,0.03952839844543808,0.4267759712374498,0.06855885575937583,0.03957863624044843,0.08977165404165319,0.16443009986182286,0.8428311639232845,0.2503987251966494,0.06993846726280738,0.21810901217924616
8.835,0.19931735361336078,0.3536969668217182,0.11385402825366366,0.2241257980830551,0.13126367128238658,0.011801956255840594,0.8907442481699933,0.25295471365931566,0.012182404151944356,0.14948284353159674
8.868,0.16442155560871724,0.34708546077445357,0.10526517921943812,0.37445330539241084,0.129255018164571,0.07563759235106826,0.9271600971740773,0.23309389306306616,0.013967822668012888,0.16307196423335893
8.902,0.19749817808185624,0.3301918447640067,0.09090268304013358,0.28305632137626907,0.12148455802534287,0.024388667865265813,0.9414785453189404,0.14644289766187696,0.015292871645000239,0.1966210692878161
8.935,0.17404483347713925,0.2958364559189179,0.0025133836561546247,0.24622996982100273,0.06763354928089656,0.026577130184782777,0.9259873903607384,0.08763639256177601,0.03002834916135384,0.1979028926985654
8.968,0.11080323975878122,0.2716912037714658,0.04570404286534177,0.18724142010752443,0.056073785247370625,0.012756168174489973,0.9629653818789605,0.0988846299292831,0.05142380403265728,0.22708532927678482
9.002,0.052568846712254196,0.2058806130323141,0.062148520624885684,0.03182429874933257,0.0489718171645367,0.04688083178902183,0.948141994312075,0.007066202372626732,0.05331567598408692,0.16552015504584638
9.035,0.12398311603308698,0.31293312180832344,0.04372396019856744,0.05596912014808893,0.057608488824991186,0.04436356883342535,0.9356667386395887,0.011090378961886799,0.05901956171465793,0.15896689448337967
9.068,0.0855856343352052,0.23259104993972846,0.059865602489619314,0.1196363180110358,0.04257519247978344,0.0024783864179825444,0.9768928412192648,0.040579329055895175,0.04236025925343103,0.14295798301922322
9.102,0.013021379496066325,0.2235249034410207,0.049770870428041215,0.12331379003881364,0.03881309298306225,0.026388056267951557,0.9324323659017002,0.024602374943071683,0.0588927602926931,0.1322643081748777
9.135,0.008156148563274485,0.37947465278085774,0.012125835585731388,0.08739371428616893,0.050390709399147755,0.018367214652481218,0.5921365987869014,0.06425882975304524,0.030291799395083537,0.15961683416790678
9.168,0.001060957274396781,0.29214971985232263,0.016742769787186154,0.0010179097244378803,0.02893159151066936,0.010324015610456937,0.558054092399294,0.028870313267704357,0.036765542825089606,0.1237307432661876
9.202,0.010405968065049218,0.17005621627393422,0.04984881667746035,0.13398561663482453,0.008313348018926492,0.06171652785341857,0.5160687672348869,0.023883167641288547,0.061841339915513,0.10326114599860925
9.235,0.037911227855395614,0.1305403922463151,0.04855516649915717,0.12142532482334238,0.004836772781555218,0.05813230687360592,0.5702522076967393,0.026811088199526736,0.07109545974394255,0.09498908006655765
9.268,0.02875073796339267,,,0.09782845167473128,,0.05025985607012982,0.6900726699803073,0.0013542365449564864,0.0637312207250743,0.09117620465870958
9.302,0.10201421765595867,,,0.15643379952404407,,0.0433691652898387,0.7259072286127907,0.03671212284437705,0.06259212200591122,0.09472788006540273
9.335,0.08031466617458738,0.110141011454695,0.0692127613234921,0.15862293829448174,0.015741232336130985,0.040186599334165636,0.7451928495803457,0.06234011434530998,0.054338608020716356,0.09367504812960932
9.368,0.06887395256463197,0.1314885509569554,0.04207563357494725,0.1400578945579451,0.007362104560357336,0.027640913299931825,0.7210449637699998,0.061071620092363554,0.056629967841802124,0.09060383669523062
9.402,0.07872107314519247,0.11244613357635007,0.04475298025343033,0.1438486316120471,0.01039817213629501,0.025329962061420384,0.7719519839945007,0.08251286846855466,0.05874799943672766,0.09094056978829636
9.435,0.07149501674729615,0.10201629442914063,0.054680092239869964,0.1595299970326033,0.018195834548364025,0.028590680866694137,0.7704954674636418,0.08841125470280023,0.05646596546126275,0.08639962255794223
9.468,0.06721441996352463,,,0.15586415183570182,,0.027539516268023007,0.7645474468964258,0.08982436093982309,0.053752971407921825,0.08868897161658616
9.502,0.030652295573367995,0.12489810245134278,0.036375404473511945,0.15392928711156387,0.021282417988498944,0.023739895640005483,0.7417125489180635,0.10460666113041586,0.05774696951397376,0.08090207617877361
9.535,0.016334913108732387,0.11294066425774418,0.010638598676742111,0.12546427441221034,0.04002454143714199,0.02799321742207041,0.7665400832453861,0.0672663696501524,0.05053163145190914,0.06476316294081302
9.568,0.0417349923026516,0.12477183332451604,0.007450926979820268,0.12283591494005071,0.06129716104941434,0.03847546976877343,0.5350381974510916,0.056079927025117056,0.03111821018947428,0.07378380734603748
9.602,0.08013001726306282,0.17411080008708935,0.010820426184009864,0.13113235238163853,0.07393052760876043,0.050434711175933275,0.43705406550504267,0.017406935600442902,0.0249400275167664,0.06361036627708704
9.635,0.06074815741725152,0.2110523356964767,0.00012761977187194436,0.14633884480196802,0.09215826048965767,0.05497258095369611,0.23274246965930284,0.016354639037115065,0.004437929099100833,0.06169259770584206
9.668,0.06744400324467995,0.15623617907937093,0.0032493422956451057,0.1382168930351735,0.08365241335822851,0.054339354162502324,0.24061747364312322,0.02048297903147123,0.004804222655234501,0.05167154711435306
9.702,0.053219067454673245,,,0.1265569001601514,,0.05537528261438198,0.3099779398300687,0.03691732896731357,0.006785156265516618,0.04581988356492881
9.735,0.0655827719067187,,,0.12759308549392437,,0.06149696259992899,0.14748847808431942,0.053514994888210994,0.01127269010277524,0.05178550846919007
9.768,0.056160209759541446,0.10187685868489162,0.002471706532480739,0.12933928149369336,0.08871714976574406,0.06283253456186337,0.10937365871011498,0.08810855848521884,0.013713169666360176,0.039403661095301995
9.802,0.025701741217873737,0.12740893100419584,0.01344042217935655,0.12266886467959509,0.10118137459624688,0.06027097640522929,0.04410046509271862,0.1141029739577416,0.033498636049400156,0.03854391471696903
9.835,0.10753704184965839,0.08621276149692933,0.054303998319981193,0.04154672438927827,0.03857209096705491,0.01984308913495515,0.13978133681380822,0.5503464851452511,0.029445372173019096,0.003274931162347278
9.868,0.09281629481203674,0.07289394224219123,0.08498484577141872,0.05012586737099501,0.06624626638991638,0.0050379488047538334,0.23013111159504518,0.5751961095829337,0.016429408344546315,0.004033063590705245
9.902,0.006944765723738995,0.06509841332875736,0.07800929837208484,0.06278801337145219,0.06633672002640983,0.03749344641170245,0.3040722593711004,0.6406442186413878,0.005681814500884133,0.02262965396340134
9.935,0.0019115957712586853,0.06473628429317815,0.0692647834543128,0.04600318727415639,0.06062925360244874,0.0512334502726989,0.2880166102899139,0.6892838973237954,0.002797353523631934,0.04925958285335791
9.968,0.020234460112566355,0.059637118616874575,0.07632001713811351,0.057652213386133744,0.06412949115026527,0.043550608085403994,0.2722479686106896,0.7356108564865914,0.008195258478704347,0.04704753179725818
10.002,0.02479670693978006,0.06260065603164482,0.09369837562762694,0.05238308563142622,0.07427001310279341,0.038445608481189796,0.2859742366176459,0.7024382998440257,0.008711068849485689,0.05405552473588936
10.035,0.03264478472143138,0.07827951232415417,0.13502348487217458,0.06967576617095082,0.07962754559597261,0.030799774735181387,0.30981855442540984,0.6620618350640388,0.010034394809247883,0.05949698260344548
10.068,0.03758409783868111,0.08328698462829873,0.130098317300948,0.09620581297728732,0.06117745487542197,0.013752818202397401,0.30865814444095657,0.6021615201829147,0.010418229428770936,0.03979168418379779
10.102,0.06022508978184212,0.0899420870040665,0.10317990768216961,0.12681461253437246,0.032668776766603694,0.006265981717340188,0.33189927929130736,0.5555428190620474,0.014006073978419274,0.043218064363034665
10.135,0.015022839077318283,,,0.11419054758526286,,0.005986278786628076,0.31357831393198393,0.5315067856952965,0.020755229033311035,0.0543189193917732
10.168,0.023837665682009204,0.10818725986861095,0.03338591936307279,0.09606905592722867,0.00616940582692163,0.05802385725257609,0.19115431162971128,0.7674913430756723,0.055210327233972824,0.08787177066006796
10.202,0.049843702729108756,0.1190467715166933,0.040756375816636776,0.10514253708430978,0.025718286531523905,0.047758232195833666,0.17008286642853263,0.7098868970851906,0.03904871808475327,0.06645695952271893
10.235,0.08475562195896023,0.07895297659372519,0.06422978897468519,0.07430046265885608,0.035623316766704875,0.03239396239174826,0.1600162101161885,0.6860249936536719,0.008852009262100289,0.0706392145725042
10.268,0.09914642665188864,0.07470148006201331,0.05396141923904749,0.06271533803798385,0.043628549931509115,0.0056360790880641085,0.19614840491738494,0.671530923205056,0.0058455076264679945,0.0723118980878837
10.302,0.12937355230439448,0.11477898990152764,0.019781919407498284,0.0422524677199779,0.029482522587596764,0.05166982379336505,0.26516059956650073,0.5912536026786491,0.005490790920752834,0.09328213946382845
10.335,0.09294752017033771,0.09889668164166822,0.023135920581558653,0.0447767813244971,0.030841979741534055,0.031107192591262347,0.23028464537918603,0.5924505847339023,0.018677448127614047,0.12377178705244124
10.368,0.06814182508067401,0.1055841888747539,0.021293799125117904,0.0063157089319412114,0.021828375559149626,0.015266590164933437,0.24104237552885577,0.6455233674043949,0.021580903858764575,0.16622127583088556
10.402,0.03263880448267187,0.10720153811293963,0.01667207807744979,0.011320257326582796,0.024171476883347448,0.01553056689582769,0.2282957484739562,0.6701177795726391,0.022049620060467616,0.1516344368153762
10.435,0.003109812328833118,0.1254717759774686,0.019303955685976152,0.031877854793707486,0.04269242112209878,0.040165045680747885,0.23053183862672047,0.6289626210512257,0.02228364216198319,0.12619609367491325
10.468,0.022975673540926674,0.14668167080468547,0.012176999817181577,0.04978338713914271,0.048937686835068175,0.04409180554159042,0.24665811779191274,0.5555424444607352,0.043071053015814126,0.1339011532716831
10.502,0.07809121473184787,0.11221636855634695,0.01243935154223663,0.06772182144725901,0.017562797427864978,0.02733880764783638,0.660417396821733,0.528553155532028,0.02495272980570759,0.13677266488550902
10.535,0.1448249567435549,0.09806560986903384,0.032552520080418604,0.0498313759798306,0.017666266465762154,0.024008818678841935,0.46926132757077915,0.3753588235608205,0.05984400858007235,0.12982293575653575
10.568,0.21376502974175146,0.047674002852056856,0.002135025348565255,0.04228833799858295,0.02815667288611004,0.030757613580701292,0.5312879437494233,0.4208737164842061,0.06199845221144584,0.12820902773620055
10.602,0.21310135277480943,0.0003916461376763907,0.0296575890305825,0.06374470302402949,0.040994383253200796,0.04620831799677955,0.5492482006745173,0.40339267958064456,0.08847272540474498,0.11470445263370446
10.635,0.17776753918515917,0.07063288101414811,0.03327780268991724,0.06735850306704388,0.05085775255016505,0.06174187022634282,0.5817628805075868,0.3380570061328193,0.09473348785225462,0.12853168383278107
10.668,0.06066293468375468,0.14333682034918357,0.0342375000592164,0.05210119384917466,0.04806930465670224,0.05904873743422915,0.5280145495925853,0.29003091856344737,0.11332951610017494,0.11237409092897524
10.702,0.020641995586970486,0.1522219120699812,0.0018489408366589922,0.06768926285823733,0.03821202897023436,0.06228651082412827,0.5199406030465449,0.2808634990027177,0.113188508014498,0.10288548418469094
10.735,0.0013205797753445799,0.04976570501083857,0.0016155882352423571,0.10875924455093754,0.03479600072143913,0.06592082892167808,0.5276810839373497,0.25246836008445916,0.10696059735479405,0.09426121047285495
10.768,0.024137246090461,0.026984583947188993,0.007928038946818925,0.12635169337402224,0.016953418045234214,0.06415124617985474,0.5443511047164903,0.23222604003420705,0.09165704216504082,0.0960393187648931
10.802,0.04175705368474625,0.049794028019462186,0.08938910144859638,0.14946062220066933,0.010215780326335244,0.06853363100494567,0.5657198908124956,0.20865018009133174,0.08334050388309529,0.0911931589554648
10.835,0.023212650176811,0.03925628913937067,0.07352856061312778,0.14695347009251714,0.02172563673013919,0.06208300557707584,0.6536110637543564,0.1756387095245744,0.09795594674195925,0.14926765747326792
10.868,0.07526823433039452,0.006196899076709465,0.0028209170201303575,0.14651864809675716,0.016044863461412977,0.06199339690675912,0.6616302647672401,0.2082472195968071,0.06703658297202204,0.14029966020605622
10.902,0.07789110810055387,0.058308772641575884,0.06872486690541232,0.1397351581396351,0.013073378293313127,0.07620759645720623,0.6023161309800924,0.20191412925266478,0.07694224317174639,0.14031104481124176
10.935,0.09123169818974258,0.08504790018917968,0.09424164947508949,0.15948598163162445,0.004923682593963965,0.0939990394204304,0.5971756361404421,0.16672649935386788,0.06470659852541168,0.14070840789457453
10.968,0.08729413447693775,0.14695177616811897,0.061962697825408704,0.1703581667681555,0.00322787259126727,0.08409866652794486,0.6451251833696331,0.17806805580560067,0.027030359146939898,0.13820874270039948
11.002,0.09044309963270795,0.11215854790676826,0.08393571262889825,0.16629035932424166,0.025728506108981534,0.0768483330924384,0.6504835374065793,0.23377451603173108,0.017769663028018155,0.15951520424422305
11.035,0.032676728484066164,0.18988474391802543,0.010878119709000047,0.15953039465638144,0.02643931849186763,0.07462058841795635,0.6442076088214174,0.2388932813872032,0.010801341231345893,0.16450899893102985
11.068,0.0557239556970475,0.2013475587145054,0.05585818948667219,0.1743704402091535,0.07985733014212017,0.059379003995268256,0.6352788814720353,0.25384685707771304,0.010594771002905057,0.16917948135811867
11.102,0.05139405761813228,0.20262714390239772,0.022560547082239042,0.1794222904887962,0.05119869142610067,0.056781404098106565,0.6052663730317182,0.23203061948993298,0.014514690121013026,0.17854230213150477
11.135,0.04232498565717779,0.16100360998674682,0.06405040619966003,0.16297616323927708,0.03641379648004249,0.05510956800876973,0.6042514047458246,0.16284229151090077,0.015505871759817802,0.17514767709728105
11.168,0.009970894807876338,0.1831887980274852,0.22108442893322386,0.1103655565380523,0.021689767146910063,0.024196713650476157,0.5202083730007262,0.21776607220742805,0.06261545291412668,0.17308312514668997
11.202,0.036116972575487315,0.2555666164620514,0.12664902018393095,0.11889273638487372,0.0121048763318246,0.027005910557671105,0.5184697333969939,0.243899897996805,0.04527242160371443,0.17073061134683487
11.235,0.061114287419809815,0.24209555056592347,0.024894050110175668,0.12296906489785331,0.04641737371949674,0.022413374314450306,0.5114809766373518,0.24747035259566133,0.03527957528775812,0.16536405986729122
11.268,0.0735495181615797,0.24396444295046027,0.03761502599935665,0.12499036914491118,0.06889719048561654,0.020710142528101307,0.5046316911158073,0.23169657627171103,0.04115914619561667,0.154017268382874
11.302,0.0795943838281664,0.21994192014879557,0.03805628158585661,0.1105224978328021,0.05312455858125958,0.018126550874004808,0.5085080359309476,0.13103888098441954,0.041829300456784436,0.1349583792783796
11.335,0.08612120325007673,0.22589507640817746,0.049916419357103246,0.10741158748827621,0.043775693313082946,0.006802679620934959,0.507303784537278,0.12695946632994093,0.057475410586814824,0.1297193279094532
11.368,0.06311195721755268,0.19160500602563585,0.05639055365550665,0.09122978245150411,0.03132833571773578,0.006500214512844774,0.5201569476243513,0.1415960317782965,0.0693500005999841,0.13255119581127323
11.402,0.06344649500140559,0.18774045774412731,0.0695693640396113,0.09325005622146806,0.039824191029338714,0.006556204643658874,0.49933598612724833,0.17284100142581252,0.08035571592962396,0.1525320350594568
11.435,0.07645582124657717,0.1413834927023446,0.0833183886381054,0.09834977025186399,0.04165958037285236,0.004570127326416916,0.4840051323286238,0.19054612820516692,0.0823359875128117,0.1574692550769385
11.468,0.08410628476049571,0.20482775747202148,0.07252712552100063,0.10106450188280587,0.03557449884036005,0.0042332585782273195,0.4800512558314929,0.2038502227455201,0.09056208089996139,0.16992217200475923
11.502,0.09149848310624492,0.27520478983894253,0.004725636785061032,0.09576090676984478,0.014767569036247225,0.041190734642982146,0.5471295229426273,0.22414142584067598,0.12362758364037818,0.19134524466165212
11.535,0.052252650388327875,0.3203587555196062,0.020376294803056,0.08642488593446278,0.009851459374346203,0.030155675390931627,0.5207452102485681,0.16445037826798312,0.10407035477213965,0.17344471212427529
11.568,0.00878537862458853,0.3544762875194954,0.02163239105130999,0.07879069512880177,0.01599557501642589,0.015022294001507553,0.5181912582208258,0.12163251701874254,0.09009490857087483,0.16615227421056483
11.602,0.037479058312063405,0.360815285178861,0.010930163115416964,0.08871120272239903,0.020934878308083816,0.007693632251068723,0.5292304761124349,0.10933502937891082,0.08169294064291448,0.15369157997356309
11.635,0.053237979583102495,0.3691076427698066,0.019280428958912056,0.08351185146591203,0.010950719572342341,0.0025986188901454045,0.5240613399987778,0.08085053739019687,0.0755130205254111,0.14321124819343173
11.668,0.07509626351675389,0.38076507811029836,0.019684122559699854,0.08424074595572278,0.018738224986869383,0.0169746569217297,0.5235925839054391,0.06771556424417165,0.06218173035010045,0.12574062383771406
11.702,0.09875817065132125,0.3857849919498915,0.03205340255318,0.057354328387578826,0.02218066568086695,0.00819534349696959,0.5309351435283803,0.06245721601942739,0.03742674978407934,0.09857037314882994
11.735,0.08971670548986142,0.36198088927982175,0.04168562092522687,0.02969712442576904,0.030226416663353954,0.011607736454187846,0.5331125595557937,0.06310747499818965,0.03325514992950267,0.09547227089856071
11.768,0.07268935574669123,0.33783414305605014,0.05870254519827191,0.028004233935343906,0.04084854608396401,0.0071587950222066765,0.5502006542239977,0.10246563047423994,0.02134907233729305,0.09693914077162755
11.802,0.039019263259528744,0.29664632156365245,0.04558086705807846,0.019278987786068725,0.039763033481619775,0.0005684243758808447,0.5731071917166956,0.16009055563482888,0.007096837581984358,0.10040592790988634
11.835,0.036884526852814147,0.2874540440522316,0.019144154171051996,0.009261919872841801,0.0005362567301042211,0.034495808157198826,0.6661027583905189,0.23266721818896682,0.020080747775355713,0.1287617658802984
11.868,0.07714060478926087,0.27989035214587127,0.015475343089659414,0.0223134103438343,0.007243196893422409,0.012237846978821278,0.6862955739518581,0.1834380597275719,0.010087585325270626,0.10675890418069053
11.902,0.08751034511560024,0.2741005354777297,0.015298895701558414,0.021603443334375288,0.00782711048881395,0.009109361883063095,0.6872503368754255,0.1444914511553233,0.00023424107853822998,0.09794594930175098
11.935,0.05933387524025368,0.25297178817976684,0.01961033088915884,0.0017299339065825424,0.0018338372124068966,0.015701841121100495,0.6815019545801071,0.10582018764957336,0.01531917172040948,0.08529292037585154
11.968,0.07945474855269101,0.2495422210723759,0.009872548489268827,0.007212562108449335,0.0121561664020174,0.02394070454107786,0.6767927178778133,0.10609888868669291,0.020951830453500523,0.08394969044761741
12.002,0.08103300465445441,0.22849394972152978,0.009114716512977716,0.03741436713443234,0.0007919002107581173,0.04571460745077694,0.6583730509463099,0.09062634788390277,0.03030274402455452,0.08158519966118405
12.035,0.04176920931735228,0.21295170555144233,0.006043953561854252,0.06763446154977852,0.0008611974460350344,0.04911060817167261,0.6503483864959174,0.09796610028261278,0.03848505030046398,0.0810255084386543
12.068,0.07165761193501986,0.20662801163592207,0.005755353972200886,0.07477326356349724,0.0019421215074187056,0.04677139319829476,0.6392083203212804,0.11100825874224396,0.042320066940211884,0.08773203504564737
12.102,0.07922067749446032,0.1984504944774908,0.0004680181359018641,0.08722369914802125,0.005112395677488999,0.043244132400263945,0.6428278878552188,0.11297406474097511,0.042159249288870514,0.09120688748526722
12.135,0.07430684234308832,0.19543586510081717,0.007567452051117487,0.09327017242406255,0.004596854027246369,0.03759048754111107,0.6511105446815038,0.08690162973216421,0.038651579760329256,0.08850205994219927
12.168,0.0279115547056074,0.18016682792533292,0.008589023279133079,0.11845232608647674,0.005329428189558751,0.02924885886623678,0.5986779247894349,0.1686786184661127,0.029643877106620087,0.0917534108033094
12.202,0.0244397369830336,0.14076683989721323,0.015017143223391385,0.12753264022887414,0.016390521678015486,0.037715663070602264,0.6122441489604424,0.12727134654956712,0.02052706545170252,0.09161698842583323
12.235,0.02252658714423847,0.1105214892864482,0.021855340188833915,0.129280401922603,0.02768970562089224,0.04471765831123795,0.6247128531820213,0.07246931216217209,0.01599399035944124,0.09135357489063364
12.268,0.012444062647585793,0.09150063901183837,0.0250672573940266,0.13001666143600726,0.029512398372907252,0.05073918632756273,0.6874408917137138,0.043271672728382754,0.020945997205735454,0.0881708875732682
12.302,0.009346899150834349,0.11598662356817052,0.018487061385288474,0.13496172126493405,0.03617534149912222,0.05420449046730497,0.6689140140017924,0.0006063106130425137,0.021394410742399075,0.08457597884673627
12.335,0.0032492292370500772,0.13616728909963857,0.005664440064575057,0.14261796343460426,0.03810112388552311,0.05584678758256741,0.6763391204483766,0.015424880213990811,0.025266343164724543,0.07498078810102493
12.368,0.0031863705674791717,0.13113840069760294,0.02441104782937356,0.15016394127489072,0.040821634454916565,0.05165162332184948,0.6587850243892344,0.031483800106128015,0.03125584650446089,0.06589642366090653
12.402,0.002554499009758282,0.12131313880433393,0.0367155441450143,0.15729511173234126,0.04478726218931723,0.049576189709673875,0.6322931528504608,0.05436578941308538,0.03551171405050767,0.05279717198874462
12.435,0.0062845349117312205,0.10461669289960662,0.04346689992764028,0.1647087211904778,0.03986052291371666,0.048400662616862496,0.6320295577597279,0.08674863822251909,0.0406062723929715,0.0381963498012103
12.468,0.009902361829428092,0.07639237101924332,0.04513040660761529,0.16534634425286204,0.03923738100764337,0.04498126868287025,0.6238753356718093,0.10428697298677068,0.04546534087057547,0.03246443053940886
12.502,0.015748254187985696,0.04181997773385446,0.017346229410225712,0.15914211360048694,0.038977540753805336,0.03715664050979911,0.49843312567157466,0.028748826680138513,0.04696285237339087,0.006036991584615688
12.535,0.014218267694546883,0.04531891801181999,0.0264468577566363,0.15911481323739915,0.024836596008126145,0.03555638377574448,0.5379282537357033,0.04212710369499948,0.06223577137057779,0.0020362147297217233
12.568,0.010184111260111465,0.0502289575015737,0.03157382328522391,0.15800629312799702,0.016115669277925366,0.03449452440064941,0.5599179916171863,0.04588532333585227,0.07855672371082302,0.0004225391718338221
12.602,0.009008888948122991,0.050649332388903776,0.03831355068153096,0.15818481560528522,0.009163634300330823,0.03381380530143444,0.5434057748567053,0.06858642957735825,0.09042095601196097,0.004863494726110342
12.635,0.012489418143792959,0.05103117168201462,0.04608433446867641,0.16152649226750937,0.0057591730493779724,0.031590433349680536,0.43386135197812575,0.11927990338952865,0.09799588394459786,0.009918977688168868
12.668,0.008613483030971807,0.05115616438075243,0.05764602515243672,0.16188458363865219,0.002382324907343075,0.029719835863641093,0.4011927329305996,0.11072812038974275,0.10300491613738028,0.014785909173201791
12.702,0.007658147208095471,0.0457109995357755,0.062241980605712205,0.16063505037255002,0.0020458124442901764,0.028493627001453078,0.4006240017348517,0.11398256874484207,0.10702639064653015,0.01507266391449401
12.735,0.008355412336712723,0.040287874758886816,0.0656956954516777,0.16117626298494675,0.006684600321215554,0.023192024484659055,0.41137321029852986,0.0657082223987974,0.10636532613421262,0.02305778038850906
12.768,0.0007322453197378654,0.03585582233439674,0.06677157925407873,0.1596189291279199,0.00993073553456691,0.02142282951824838,0.4418138712325065,0.0743670549720488,0.10723753302701056,0.02355479884901899
12.802,0.0046761071448585285,0.03710767979010942,0.06733900409982842,0.15784063631169615,0.012316354923075716,0.021742246004169807,0.48746395357335026,0.07643444606277397,0.10432449511451898,0.02231081542837967
12.835,0.002923554649055478,0.028250565019504535,0.06240136451539824,0.1588370793967538,0.01237192048603203,0.02169511106098587,0.510155119275191,0.0028703509544414983,0.10243736901786216,0.01771681519494742
12.878,0.009078046977403805,0.02540053305984546,0.06405343755702642,0.16078154898343586,0.025361044749121067,0.023779932559016267,0.5712219796775895,0.002472530767769513,0.10335348942089659,0.009772109929826857
12.912,0.014600604536992502,0.023078898411776905,0.06480535835603383,0.15227517692579168,0.02631113079962003,0.021074725047214565,0.5793766130739417,0.014921460415711312,0.09838921637689131,0.007847447924660944
12.945,0.014408099403366926,0.018710634152432386,0.06873376051022273,0.15340198321387088,0.023405422281877825,0.02501266637572615,0.6049823335880223,0.015839836680211956,0.09742170326910972,0.00960158149971553
12.978,0.013703730729832712,0.021881357656616737,0.07162900388666366,0.15438274879168448,0.01940653609919627,0.026563158810262475,0.6281904335220849,0.026867349687956694,0.09502959252121262,0.012919678340581536
13.012,0.01764040277633541,0.03655511222551177,0.07188609545803086,0.1501755842594162,0.004099670272772648,0.03272025047957024,0.6391841299960662,0.03281641403758963,0.09045136625501987,0.012332171303614485
